-- Dummy data for Machine and Applicator Database
-- Use the database
USE machine_and_applicator;

-- Insert dummy users (20 users)
INSERT INTO users (username, password, first_name, last_name, user_type) VALUES
('admin', '$2y$10$92IXUNpkjO0rOQ5byMi.Ye4oKoEa3Ro9llC/.og/at2.uheWG/igi', 'John', 'Admin', 'ADMIN'),
('toolkeeper1', '$2y$10$92IXUNpkjO0rOQ5byMi.Ye4oKoEa3Ro9llC/.og/at2.uheWG/igi', 'Maria', 'Santos', 'TOOLKEEPER'),
('toolkeeper2', '$2y$10$92IXUNpkjO0rOQ5byMi.Ye4oKoEa3Ro9llC/.og/at2.uheWG/igi', 'Jose', 'Cruz', 'TOOLKEEPER'),
('operator1', '$2y$10$92IXUNpkjO0rOQ5byMi.Ye4oKoEa3Ro9llC/.og/at2.uheWG/igi', 'Ana', 'Reyes', 'DEFAULT'),
('operator2', '$2y$10$92IXUNpkjO0rOQ5byMi.Ye4oKoEa3Ro9llC/.og/at2.uheWG/igi', 'Carlos', 'Lopez', 'DEFAULT'),
('operator3', '$2y$10$92IXUNpkjO0rOQ5byMi.Ye4oKoEa3Ro9llC/.og/at2.uheWG/igi', 'Lisa', 'Garcia', 'DEFAULT'),
('operator4', '$2y$10$92IXUNpkjO0rOQ5byMi.Ye4oKoEa3Ro9llC/.og/at2.uheWG/igi', 'Miguel', 'Torres', 'DEFAULT'),
('operator5', '$2y$10$92IXUNpkjO0rOQ5byMi.Ye4oKoEa3Ro9llC/.og/at2.uheWG/igi', 'Sarah', 'Johnson', 'DEFAULT'),
('operator6', '$2y$10$92IXUNpkjO0rOQ5byMi.Ye4oKoEa3Ro9llC/.og/at2.uheWG/igi', 'Robert', 'Wilson', 'DEFAULT'),
('operator7', '$2y$10$92IXUNpkjO0rOQ5byMi.Ye4oKoEa3Ro9llC/.og/at2.uheWG/igi', 'Elena', 'Martinez', 'DEFAULT'),
('operator8', '$2y$10$92IXUNpkjO0rOQ5byMi.Ye4oKoEa3Ro9llC/.og/at2.uheWG/igi', 'David', 'Brown', 'DEFAULT'),
('operator9', '$2y$10$92IXUNpkjO0rOQ5byMi.Ye4oKoEa3Ro9llC/.og/at2.uheWG/igi', 'Grace', 'Lee', 'DEFAULT'),
('operator10', '$2y$10$92IXUNpkjO0rOQ5byMi.Ye4oKoEa3Ro9llC/.og/at2.uheWG/igi', 'Kevin', 'Davis', 'DEFAULT'),
('operator11', '$2y$10$92IXUNpkjO0rOQ5byMi.Ye4oKoEa3Ro9llC/.og/at2.uheWG/igi', 'Jessica', 'Miller', 'DEFAULT'),
('operator12', '$2y$10$92IXUNpkjO0rOQ5byMi.Ye4oKoEa3Ro9llC/.og/at2.uheWG/igi', 'Antonio', 'Rivera', 'DEFAULT'),
('operator13', '$2y$10$92IXUNpkjO0rOQ5byMi.Ye4oKoEa3Ro9llC/.og/at2.uheWG/igi', 'Michelle', 'Taylor', 'DEFAULT'),
('operator14', '$2y$10$92IXUNpkjO0rOQ5byMi.Ye4oKoEa3Ro9llC/.og/at2.uheWG/igi', 'Frank', 'Anderson', 'DEFAULT'),
('operator15', '$2y$10$92IXUNpkjO0rOQ5byMi.Ye4oKoEa3Ro9llC/.og/at2.uheWG/igi', 'Carmen', 'Hernandez', 'DEFAULT'),
('supervisor1', '$2y$10$92IXUNpkjO0rOQ5byMi.Ye4oKoEa3Ro9llC/.og/at2.uheWG/igi', 'Richard', 'Thompson', 'TOOLKEEPER'),
('supervisor2', '$2y$10$92IXUNpkjO0rOQ5byMi.Ye4oKoEa3Ro9llC/.og/at2.uheWG/igi', 'Linda', 'White', 'TOOLKEEPER');

-- Insert dummy applicators (20 applicators)
INSERT INTO applicators (hp_no, terminal_no, description, wire, terminal_maker, applicator_maker, serial_no, invoice_no, last_encoded) VALUES
('HP001', 'TRM-001', 'SIDE', 'BIG', 'TYCO', 'KOMAX', 'SN001', 'INV001', '2024-01-15 08:30:00'),
('HP002', 'TRM-002', 'END', 'SMALL', 'MOLEX', 'SCHLEUNIGER', 'SN002', 'INV002', '2024-01-16 09:15:00'),
('HP003', 'TRM-003', 'CLAMP', 'BIG', 'JST', 'KOMAX', 'SN003', 'INV003', '2024-01-17 10:45:00'),
('HP004', 'TRM-004', 'STRIP AND CLAMP', 'SMALL', 'TYCO', 'SCHLEUNIGER', 'SN004', 'INV004', '2024-01-18 11:20:00'),
('HP005', 'TRM-005', 'SIDE', 'BIG', 'MOLEX', 'KOMAX', 'SN005', 'INV005', '2024-01-19 13:30:00'),
('HP006', 'TRM-006', 'END', 'SMALL', 'JST', 'SCHLEUNIGER', 'SN006', 'INV006', '2024-01-20 14:15:00'),
('HP007', 'TRM-007', 'CLAMP', 'BIG', 'TYCO', 'KOMAX', 'SN007', 'INV007', '2024-01-21 15:45:00'),
('HP008', 'TRM-008', 'STRIP AND CLAMP', 'SMALL', 'MOLEX', 'SCHLEUNIGER', 'SN008', 'INV008', '2024-01-22 16:20:00'),
('HP009', 'TRM-009', 'SIDE', 'BIG', 'JST', 'KOMAX', 'SN009', 'INV009', '2024-01-23 08:00:00'),
('HP010', 'TRM-010', 'END', 'SMALL', 'TYCO', 'SCHLEUNIGER', 'SN010', 'INV010', '2024-01-24 09:30:00'),
('HP011', 'TRM-011', 'CLAMP', 'BIG', 'MOLEX', 'KOMAX', 'SN011', 'INV011', '2024-01-25 10:15:00'),
('HP012', 'TRM-012', 'STRIP AND CLAMP', 'SMALL', 'JST', 'SCHLEUNIGER', 'SN012', 'INV012', '2024-01-26 11:45:00'),
('HP013', 'TRM-013', 'SIDE', 'BIG', 'TYCO', 'KOMAX', 'SN013', 'INV013', '2024-01-27 12:30:00'),
('HP014', 'TRM-014', 'END', 'SMALL', 'MOLEX', 'SCHLEUNIGER', 'SN014', 'INV014', '2024-01-28 13:15:00'),
('HP015', 'TRM-015', 'CLAMP', 'BIG', 'JST', 'KOMAX', 'SN015', 'INV015', '2024-01-29 14:45:00'),
('HP016', 'TRM-016', 'STRIP AND CLAMP', 'SMALL', 'TYCO', 'SCHLEUNIGER', 'SN016', 'INV016', '2024-01-30 15:30:00'),
('HP017', 'TRM-017', 'SIDE', 'BIG', 'MOLEX', 'KOMAX', 'SN017', 'INV017', '2024-01-31 16:15:00'),
('HP018', 'TRM-018', 'END', 'SMALL', 'JST', 'SCHLEUNIGER', 'SN018', 'INV018', '2024-02-01 08:45:00'),
('HP019', 'TRM-019', 'CLAMP', 'BIG', 'TYCO', 'KOMAX', 'SN019', 'INV019', '2024-02-02 09:30:00'),
('HP020', 'TRM-020', 'STRIP AND CLAMP', 'SMALL', 'MOLEX', 'SCHLEUNIGER', 'SN020', 'INV020', '2024-02-03 10:15:00');

-- Insert dummy machines (20 machines)
INSERT INTO machines (control_no, description, model, maker, serial_no, invoice_no, last_encoded) VALUES
('CTRL001', 'Wire Processing Machine A', 'WPM-2000', 'KOMAX', 'MSN001', 'MINV001', '2024-01-15 08:30:00'),
('CTRL002', 'Wire Processing Machine B', 'WPM-3000', 'SCHLEUNIGER', 'MSN002', 'MINV002', '2024-01-16 09:15:00'),
('CTRL003', 'Cable Assembly Machine', 'CAM-1500', 'KOMAX', 'MSN003', 'MINV003', '2024-01-17 10:45:00'),
('CTRL004', 'Terminal Crimping Machine', 'TCM-500', 'SCHLEUNIGER', 'MSN004', 'MINV004', '2024-01-18 11:20:00'),
('CTRL005', 'Wire Strip Machine', 'WSM-800', 'KOMAX', 'MSN005', 'MINV005', '2024-01-19 13:30:00'),
('CTRL006', 'High Speed Crimper', 'HSC-1200', 'SCHLEUNIGER', 'MSN006', 'MINV006', '2024-01-20 14:15:00'),
('CTRL007', 'Multi-Core Processor', 'MCP-2500', 'KOMAX', 'MSN007', 'MINV007', '2024-01-21 15:45:00'),
('CTRL008', 'Precision Cutter', 'PC-600', 'SCHLEUNIGER', 'MSN008', 'MINV008', '2024-01-22 16:20:00'),
('CTRL009', 'Automated Stripper', 'AS-900', 'KOMAX', 'MSN009', 'MINV009', '2024-01-23 08:00:00'),
('CTRL010', 'Cable Tester Unit', 'CTU-300', 'SCHLEUNIGER', 'MSN010', 'MINV010', '2024-01-24 09:30:00'),
('CTRL011', 'Wire Harness Machine', 'WHM-1800', 'KOMAX', 'MSN011', 'MINV011', '2024-01-25 10:15:00'),
('CTRL012', 'Terminal Insertion Unit', 'TIU-750', 'SCHLEUNIGER', 'MSN012', 'MINV012', '2024-01-26 11:45:00'),
('CTRL013', 'Cable Processing Center', 'CPC-2200', 'KOMAX', 'MSN013', 'MINV013', '2024-01-27 12:30:00'),
('CTRL014', 'Wire Preparation Station', 'WPS-1100', 'SCHLEUNIGER', 'MSN014', 'MINV014', '2024-01-28 13:15:00'),
('CTRL015', 'Multi-Wire Processor', 'MWP-1600', 'KOMAX', 'MSN015', 'MINV015', '2024-01-29 14:45:00'),
('CTRL016', 'Compact Crimper', 'CC-400', 'SCHLEUNIGER', 'MSN016', 'MINV016', '2024-01-30 15:30:00'),
('CTRL017', 'Industrial Wire Cutter', 'IWC-850', 'KOMAX', 'MSN017', 'MINV017', '2024-01-31 16:15:00'),
('CTRL018', 'Heavy Duty Stripper', 'HDS-950', 'SCHLEUNIGER', 'MSN018', 'MINV018', '2024-02-01 08:45:00'),
('CTRL019', 'Cable Assembly Line', 'CAL-2800', 'KOMAX', 'MSN019', 'MINV019', '2024-02-02 09:30:00'),
('CTRL020', 'Wire Processing Unit', 'WPU-1300', 'SCHLEUNIGER', 'MSN020', 'MINV020', '2024-02-03 10:15:00');

-- Insert custom part definitions
INSERT INTO custom_part_definitions (equipment_type, part_name, created_by) VALUES
('APPLICATOR', 'special_guide_plate', 1),
('APPLICATOR', 'tension_spring', 1),
('APPLICATOR', 'alignment_pin', 1),
('APPLICATOR', 'pressure_pad', 1),
('MACHINE', 'feed_roller', 1),
('MACHINE', 'guide_tube', 1),
('MACHINE', 'sensor_bracket', 1),
('MACHINE', 'cooling_fan', 1);

-- Insert dummy records (25 records)
INSERT INTO records (shift, machine_id, applicator1_id, applicator2_id, created_by, date_inspected) VALUES
('1st', 1, 1, 2, 4, '2024-07-01'),
('2nd', 2, 3, 4, 5, '2024-07-01'),
('NIGHT', 3, 5, 6, 6, '2024-07-01'),
('1st', 4, 7, 8, 7, '2024-07-02'),
('2nd', 5, 9, 10, 8, '2024-07-02'),
('NIGHT', 6, 11, 12, 9, '2024-07-02'),
('1st', 7, 13, 14, 10, '2024-07-03'),
('2nd', 8, 15, 16, 11, '2024-07-03'),
('NIGHT', 9, 17, 18, 12, '2024-07-03'),
('1st', 10, 19, 20, 13, '2024-07-04'),
('2nd', 11, 1, 3, 14, '2024-07-04'),
('NIGHT', 12, 2, 4, 15, '2024-07-04'),
('1st', 13, 5, 7, 16, '2024-07-05'),
('2nd', 14, 6, 8, 17, '2024-07-05'),
('NIGHT', 15, 9, 11, 18, '2024-07-05'),
('1st', 16, 10, 12, 4, '2024-07-06'),
('2nd', 17, 13, 15, 5, '2024-07-06'),
('NIGHT', 18, 14, 16, 6, '2024-07-06'),
('1st', 19, 17, 19, 7, '2024-07-07'),
('2nd', 20, 18, 20, 8, '2024-07-07'),
('NIGHT', 1, 1, NULL, 9, '2024-07-07'),
('1st', 2, 2, NULL, 10, '2024-07-08'),
('2nd', 3, 3, NULL, 11, '2024-07-08'),
('NIGHT', 4, 4, NULL, 12, '2024-07-08'),
('1st', 5, 5, NULL, 13, '2024-07-09');

-- Insert dummy applicator outputs with custom parts (50 outputs)
INSERT INTO applicator_outputs (record_id, applicator_id, total_output, wire_crimper, wire_anvil, insulation_crimper, insulation_anvil, slide_cutter, cutter_holder, shear_blade, cutter_a, cutter_b, custom_parts) VALUES
(1, 1, 1500, 250, 220, 180, 175, 150, 140, 130, 120, 110, '{"special_guide_plate": 45, "tension_spring": 35}'),
(1, 2, 1400, 240, 210, 170, 165, 145, 135, 125, 115, 105, '{"alignment_pin": 25, "pressure_pad": 40}'),
(2, 3, 1600, 260, 230, 190, 185, 160, 150, 140, 130, 120, '{"special_guide_plate": 50, "tension_spring": 30}'),
(2, 4, 1550, 255, 225, 185, 180, 155, 145, 135, 125, 115, '{"alignment_pin": 28, "pressure_pad": 42}'),
(3, 5, 1450, 245, 215, 175, 170, 150, 140, 130, 120, 110, '{"special_guide_plate": 48, "tension_spring": 32}'),
(3, 6, 1350, 235, 205, 165, 160, 140, 130, 120, 110, 100, '{"alignment_pin": 22, "pressure_pad": 38}'),
(4, 7, 1700, 270, 240, 200, 195, 170, 160, 150, 140, 130, '{"special_guide_plate": 52, "tension_spring": 28}'),
(4, 8, 1650, 265, 235, 195, 190, 165, 155, 145, 135, 125, '{"alignment_pin": 30, "pressure_pad": 45}'),
(5, 9, 1500, 250, 220, 180, 175, 150, 140, 130, 120, 110, '{"special_guide_plate": 46, "tension_spring": 34}'),
(5, 10, 1400, 240, 210, 170, 165, 145, 135, 125, 115, 105, '{"alignment_pin": 26, "pressure_pad": 41}'),
(6, 11, 1550, 255, 225, 185, 180, 155, 145, 135, 125, 115, '{"special_guide_plate": 49, "tension_spring": 31}'),
(6, 12, 1600, 260, 230, 190, 185, 160, 150, 140, 130, 120, '{"alignment_pin": 29, "pressure_pad": 43}'),
(7, 13, 1450, 245, 215, 175, 170, 150, 140, 130, 120, 110, '{"special_guide_plate": 47, "tension_spring": 33}'),
(7, 14, 1650, 265, 235, 195, 190, 165, 155, 145, 135, 125, '{"alignment_pin": 31, "pressure_pad": 44}'),
(8, 15, 1500, 250, 220, 180, 175, 150, 140, 130, 120, 110, '{"special_guide_plate": 45, "tension_spring": 35}'),
(8, 16, 1400, 240, 210, 170, 165, 145, 135, 125, 115, 105, '{"alignment_pin": 25, "pressure_pad": 40}'),
(9, 17, 1700, 270, 240, 200, 195, 170, 160, 150, 140, 130, '{"special_guide_plate": 53, "tension_spring": 27}'),
(9, 18, 1550, 255, 225, 185, 180, 155, 145, 135, 125, 115, '{"alignment_pin": 28, "pressure_pad": 42}'),
(10, 19, 1600, 260, 230, 190, 185, 160, 150, 140, 130, 120, '{"special_guide_plate": 51, "tension_spring": 29}'),
(10, 20, 1450, 245, 215, 175, 170, 150, 140, 130, 120, 110, '{"alignment_pin": 24, "pressure_pad": 39}'),
(11, 1, 1500, 250, 220, 180, 175, 150, 140, 130, 120, 110, '{"special_guide_plate": 46, "tension_spring": 34}'),
(11, 3, 1350, 235, 205, 165, 160, 140, 130, 120, 110, 100, '{"alignment_pin": 23, "pressure_pad": 37}'),
(12, 2, 1400, 240, 210, 170, 165, 145, 135, 125, 115, 105, '{"special_guide_plate": 44, "tension_spring": 36}'),
(12, 4, 1650, 265, 235, 195, 190, 165, 155, 145, 135, 125, '{"alignment_pin": 32, "pressure_pad": 46}'),
(13, 5, 1550, 255, 225, 185, 180, 155, 145, 135, 125, 115, '{"special_guide_plate": 48, "tension_spring": 32}'),
(13, 7, 1600, 260, 230, 190, 185, 160, 150, 140, 130, 120, '{"alignment_pin": 27, "pressure_pad": 41}'),
(14, 6, 1450, 245, 215, 175, 170, 150, 140, 130, 120, 110, '{"special_guide_plate": 47, "tension_spring": 33}'),
(14, 8, 1500, 250, 220, 180, 175, 150, 140, 130, 120, 110, '{"alignment_pin": 26, "pressure_pad": 40}'),
(15, 9, 1400, 240, 210, 170, 165, 145, 135, 125, 115, 105, '{"special_guide_plate": 45, "tension_spring": 35}'),
(15, 11, 1700, 270, 240, 200, 195, 170, 160, 150, 140, 130, '{"alignment_pin": 33, "pressure_pad": 47}'),
(16, 10, 1550, 255, 225, 185, 180, 155, 145, 135, 125, 115, '{"special_guide_plate": 49, "tension_spring": 31}'),
(16, 12, 1600, 260, 230, 190, 185, 160, 150, 140, 130, 120, '{"alignment_pin": 29, "pressure_pad": 43}'),
(17, 13, 1450, 245, 215, 175, 170, 150, 140, 130, 120, 110, '{"special_guide_plate": 47, "tension_spring": 33}'),
(17, 15, 1650, 265, 235, 195, 190, 165, 155, 145, 135, 125, '{"alignment_pin": 31, "pressure_pad": 44}'),
(18, 14, 1500, 250, 220, 180, 175, 150, 140, 130, 120, 110, '{"special_guide_plate": 46, "tension_spring": 34}'),
(18, 16, 1400, 240, 210, 170, 165, 145, 135, 125, 115, 105, '{"alignment_pin": 25, "pressure_pad": 40}'),
(19, 17, 1700, 270, 240, 200, 195, 170, 160, 150, 140, 130, '{"special_guide_plate": 52, "tension_spring": 28}'),
(19, 19, 1550, 255, 225, 185, 180, 155, 145, 135, 125, 115, '{"alignment_pin": 28, "pressure_pad": 42}'),
(20, 18, 1600, 260, 230, 190, 185, 160, 150, 140, 130, 120, '{"special_guide_plate": 50, "tension_spring": 30}'),
(20, 20, 1450, 245, 215, 175, 170, 150, 140, 130, 120, 110, '{"alignment_pin": 24, "pressure_pad": 39}'),
(21, 1, 1500, 250, 220, 180, 175, 150, 140, 130, 120, 110, '{"special_guide_plate": 45, "tension_spring": 35}'),
(22, 2, 1400, 240, 210, 170, 165, 145, 135, 125, 115, 105, '{"alignment_pin": 25, "pressure_pad": 40}'),
(23, 3, 1600, 260, 230, 190, 185, 160, 150, 140, 130, 120, '{"special_guide_plate": 51, "tension_spring": 29}'),
(24, 4, 1550, 255, 225, 185, 180, 155, 145, 135, 125, 115, '{"alignment_pin": 28, "pressure_pad": 42}'),
(25, 5, 1450, 245, 215, 175, 170, 150, 140, 130, 120, 110, '{"special_guide_plate": 47, "tension_spring": 33}');

-- Insert dummy machine outputs with custom parts (25 outputs)
INSERT INTO machine_outputs (record_id, machine_id, total_machine_output, cut_blade, strip_blade_a, strip_blade_b, custom_parts) VALUES
(1, 1, 3000, 500, 450, 400, '{"feed_roller": 75, "guide_tube": 60}'),
(2, 2, 2800, 480, 430, 380, '{"sensor_bracket": 55, "cooling_fan": 40}'),
(3, 3, 3200, 520, 470, 420, '{"feed_roller": 80, "guide_tube": 65}'),
(4, 4, 3100, 510, 460, 410, '{"sensor_bracket": 58, "cooling_fan": 42}'),
(5, 5, 2900, 490, 440, 390, '{"feed_roller": 77, "guide_tube": 62}'),
(6, 6, 2700, 470, 420, 370, '{"sensor_bracket": 52, "cooling_fan": 38}'),
(7, 7, 3400, 540, 490, 440, '{"feed_roller": 85, "guide_tube": 70}'),
(8, 8, 3300, 530, 480, 430, '{"sensor_bracket": 62, "cooling_fan": 45}'),
(9, 9, 3000, 500, 450, 400, '{"feed_roller": 75, "guide_tube": 60}'),
(10, 10, 2800, 480, 430, 380, '{"sensor_bracket": 55, "cooling_fan": 40}'),
(11, 11, 3100, 510, 460, 410, '{"feed_roller": 78, "guide_tube": 63}'),
(12, 12, 3200, 520, 470, 420, '{"sensor_bracket": 60, "cooling_fan": 43}'),
(13, 13, 2900, 490, 440, 390, '{"feed_roller": 76, "guide_tube": 61}'),
(14, 14, 3300, 530, 480, 430, '{"sensor_bracket": 61, "cooling_fan": 44}'),
(15, 15, 3000, 500, 450, 400, '{"feed_roller": 75, "guide_tube": 60}'),
(16, 16, 2800, 480, 430, 380, '{"sensor_bracket": 54, "cooling_fan": 39}'),
(17, 17, 3400, 540, 490, 440, '{"feed_roller": 86, "guide_tube": 71}'),
(18, 18, 3100, 510, 460, 410, '{"sensor_bracket": 59, "cooling_fan": 43}'),
(19, 19, 3200, 520, 470, 420, '{"feed_roller": 81, "guide_tube": 66}'),
(20, 20, 2900, 490, 440, 390, '{"sensor_bracket": 56, "cooling_fan": 41}'),
(21, 1, 3000, 500, 450, 400, '{"feed_roller": 75, "guide_tube": 60}'),
(22, 2, 2800, 480, 430, 380, '{"sensor_bracket": 55, "cooling_fan": 40}'),
(23, 3, 3200, 520, 470, 420, '{"feed_roller": 80, "guide_tube": 65}'),
(24, 4, 3100, 510, 460, 410, '{"sensor_bracket": 58, "cooling_fan": 42}'),
(25, 5, 2900, 490, 440, 390, '{"feed_roller": 77, "guide_tube": 62}');

-- Insert dummy monitor data for machines (20 monitors)
INSERT INTO monitor_machine (machine_id, total_machine_output, cut_blade_output, strip_blade_a_output, strip_blade_b_output, custom_parts_output) VALUES
(1, 15000, 2500, 2250, 2000, '{"feed_roller": 375, "guide_tube": 300}'),
(2, 14000, 2400, 2150, 1900, '{"sensor_bracket": 275, "cooling_fan": 200}'),
(3, 16000, 2600, 2350, 2100, '{"feed_roller": 400, "guide_tube": 325}'),
(4, 15500, 2550, 2300, 2050, '{"sensor_bracket": 290, "cooling_fan": 210}'),
(5, 14500, 2450, 2200, 1950, '{"feed_roller": 385, "guide_tube": 310}'),
(6, 13500, 2350, 2100, 1850, '{"sensor_bracket": 260, "cooling_fan": 190}'),
(7, 17000, 2700, 2450, 2200, '{"feed_roller": 425, "guide_tube": 350}'),
(8, 16500, 2650, 2400, 2150, '{"sensor_bracket": 310, "cooling_fan": 225}'),
(9, 15000, 2500, 2250, 2000, '{"feed_roller": 375, "guide_tube": 300}'),
(10, 14000, 2400, 2150, 1900, '{"sensor_bracket": 275, "cooling_fan": 200}'),
(11, 15500, 2550, 2300, 2050, '{"feed_roller": 390, "guide_tube": 315}'),
(12, 16000, 2600, 2350, 2100, '{"sensor_bracket": 300, "cooling_fan": 215}'),
(13, 14500, 2450, 2200, 1950, '{"feed_roller": 380, "guide_tube": 305}'),
(14, 16500, 2650, 2400, 2150, '{"sensor_bracket": 305, "cooling_fan": 220}'),
(15, 15000, 2500, 2250, 2000, '{"feed_roller": 375, "guide_tube": 300}'),
(16, 14000, 2400, 2150, 1900, '{"sensor_bracket": 270, "cooling_fan": 195}'),
(17, 17000, 2700, 2450, 2200, '{"feed_roller": 430, "guide_tube": 355}'),
(18, 15500, 2550, 2300, 2050, '{"sensor_bracket": 295, "cooling_fan": 215}'),
(19, 16000, 2600, 2350, 2100, '{"feed_roller": 405, "guide_tube": 330}'),
(20, 14500, 2450, 2200, 1950, '{"sensor_bracket": 280, "cooling_fan": 205}');

-- Insert dummy monitor data for applicators (20 monitors)
INSERT INTO monitor_applicator (applicator_id, total_output, wire_crimper_output, wire_anvil_output, insulation_crimper_output, insulation_anvil_output, slide_cutter_output, cutter_holder_output, shear_blade_output, cutter_a_output, cutter_b_output, custom_parts_output) VALUES
(1, 7500, 1250, 1100, 900, 875, 750, 700, 650, 600, 550, '{"special_guide_plate": 225, "tension_spring": 175}'),
(2, 7000, 1200, 1050, 850, 825, 725, 675, 625, 575, 525, '{"alignment_pin": 125, "pressure_pad": 200}'),
(3, 8000, 1300, 1150, 950, 925, 800, 750, 700, 650, 600, '{"special_guide_plate": 250, "tension_spring": 150}'),
(4, 7750, 1275, 1125, 925, 900, 775, 725, 675, 625, 575, '{"alignment_pin": 140, "pressure_pad": 210}'),
(5, 7250, 1225, 1075, 875, 850, 750, 700, 650, 600, 550, '{"special_guide_plate": 240, "tension_spring": 160}'),
(6, 6750, 1175, 1025, 825, 800, 700, 650, 600, 550, 500, '{"alignment_pin": 110, "pressure_pad": 190}'),
(7, 8500, 1350, 1200, 1000, 975, 850, 800, 750, 700, 650, '{"special_guide_plate": 260, "tension_spring": 140}'),
(8, 8250, 1325, 1175, 975, 950, 825, 775, 725, 675, 625, '{"alignment_pin": 150, "pressure_pad": 225}'),
(9, 7500, 1250, 1100, 900, 875, 750, 700, 650, 600, 550, '{"special_guide_plate": 230, "tension_spring": 170}'),
(10, 7000, 1200, 1050, 850, 825, 725, 675, 625, 575, 525, '{"alignment_pin": 130, "pressure_pad": 205}'),
(11, 7750, 1275, 1125, 925, 900, 775, 725, 675, 625, 575, '{"special_guide_plate": 245, "tension_spring": 155}'),
(12, 8000, 1300, 1150, 950, 925, 800, 750, 700, 650, 600, '{"alignment_pin": 145, "pressure_pad": 215}'),
(13, 7250, 1225, 1075, 875, 850, 750, 700, 650, 600, 550, '{"special_guide_plate": 235, "tension_spring": 165}'),
(14, 8250, 1325, 1175, 975, 950, 825, 775, 725, 675, 625, '{"alignment_pin": 155, "pressure_pad": 220}'),
(15, 7500, 1250, 1100, 900, 875, 750, 700, 650, 600, 550, '{"special_guide_plate": 225, "tension_spring": 175}'),
(16, 7000, 1200, 1050, 850, 825, 725, 675, 625, 575, 525, '{"alignment_pin": 125, "pressure_pad": 200}'),
(17, 8500, 1350, 1200, 1000, 975, 850, 800, 750, 700, 650, '{"special_guide_plate": 265, "tension_spring": 135}'),
(18, 7750, 1275, 1125, 925, 900, 775, 725, 675, 625, 575, '{"alignment_pin": 140, "pressure_pad": 210}'),
(19, 8000, 1300, 1150, 950, 925, 800, 750, 700, 650, 600, '{"special_guide_plate": 255, "tension_spring": 145}'),
(20, 7250, 1225, 1075, 875, 850, 750, 700, 650, 600, 550, '{"alignment_pin": 120, "pressure_pad": 195}');

-- Insert dummy machine reset data (15 resets)
INSERT INTO machine_reset (machine_id, reset_by, part_reset, remarks) VALUES
(1, 2, 'cut_blade', 'Blade dulled after heavy use'),
(2, 3, 'strip_blade_a', 'Routine maintenance replacement'),
(3, 2, 'feed_roller', 'Custom part showing wear'),
(4, 3, 'strip_blade_b', 'Scheduled replacement'),
(5, 2, 'guide_tube', 'Custom part alignment issue'),
(6, 3, 'cut_blade', 'Emergency replacement due to damage'),
(7, 2, 'sensor_bracket', 'Custom part calibration reset'),
(8, 3, 'strip_blade_a', 'Quality control reset'),
(9, 2, 'cooling_fan', 'Custom part maintenance'),
(10, 3, 'cut_blade', 'Preventive maintenance'),
(11, 2, 'strip_blade_b', 'Performance optimization'),
(12, 3, 'feed_roller', 'Custom part reset after cleaning'),
(13, 2, 'guide_tube', 'Alignment adjustment reset'),
(14, 3, 'strip_blade_a', 'Post-repair reset'),
(15, 2, 'sensor_bracket', 'Custom part recalibration');

-- Insert dummy applicator reset data (15 resets)
INSERT INTO applicator_reset (applicator_id, reset_by, part_reset, remarks) VALUES
(1, 2, 'wire_crimper', 'Crimper jaw replacement'),
(2, 3, 'insulation_anvil', 'Anvil surface refinishing'),
(3, 2, 'special_guide_plate', 'Custom part alignment reset'),
(4, 3, 'wire_anvil', 'Routine maintenance reset'),
(5, 2, 'tension_spring', 'Custom part tension adjustment'),
(6, 3, 'slide_cutter', 'Cutter blade replacement'),
(7, 2, 'alignment_pin', 'Custom part repositioning'),
(8, 3, 'insulation_crimper', 'Crimper adjustment'),
(9, 2, 'pressure_pad', 'Custom part pressure reset'),
(10, 3, 'cutter_holder', 'Holder mechanism reset'),
(11, 2, 'shear_blade', 'Blade sharpening reset'),
(12, 3, 'special_guide_plate', 'Custom part cleaning reset'),
(13, 2, 'wire_crimper', 'Performance optimization'),
(14, 3, 'tension_spring', 'Custom part spring replacement'),
(15, 2, 'cutter_a', 'Precision adjustment reset');