-- Insert dummy data for Machine and Applicator database
USE machine_and_applicator;

-- Insert users (30 rows)
INSERT INTO users (username, password, first_name, last_name, user_type) VALUES
('admin01', '$2y$10$92IXUNpkjO0rOQ5byMi.Ye4oKoEa3Ro9llC/.og/at2.uheWG/igi', 'John', 'Smith', 'ADMIN'),
('admin02', '$2y$10$92IXUNpkjO0rOQ5byMi.Ye4oKoEa3Ro9llC/.og/at2.uheWG/igi', 'Maria', 'Garcia', 'ADMIN'),
('toolkeeper01', '$2y$10$92IXUNpkjO0rOQ5byMi.Ye4oKoEa3Ro9llC/.og/at2.uheWG/igi', 'David', 'Johnson', 'TOOLKEEPER'),
('toolkeeper02', '$2y$10$92IXUNpkjO0rOQ5byMi.Ye4oKoEa3Ro9llC/.og/at2.uheWG/igi', 'Sarah', 'Williams', 'TOOLKEEPER'),
('toolkeeper03', '$2y$10$92IXUNpkjO0rOQ5byMi.Ye4oKoEa3Ro9llC/.og/at2.uheWG/igi', 'Michael', 'Brown', 'TOOLKEEPER'),
('operator01', '$2y$10$92IXUNpkjO0rOQ5byMi.Ye4oKoEa3Ro9llC/.og/at2.uheWG/igi', 'Jennifer', 'Davis', 'DEFAULT'),
('operator02', '$2y$10$92IXUNpkjO0rOQ5byMi.Ye4oKoEa3Ro9llC/.og/at2.uheWG/igi', 'Robert', 'Miller', 'DEFAULT'),
('operator03', '$2y$10$92IXUNpkjO0rOQ5byMi.Ye4oKoEa3Ro9llC/.og/at2.uheWG/igi', 'Lisa', 'Wilson', 'DEFAULT'),
('operator04', '$2y$10$92IXUNpkjO0rOQ5byMi.Ye4oKoEa3Ro9llC/.og/at2.uheWG/igi', 'James', 'Moore', 'DEFAULT'),
('operator05', '$2y$10$92IXUNpkjO0rOQ5byMi.Ye4oKoEa3Ro9llC/.og/at2.uheWG/igi', 'Patricia', 'Taylor', 'DEFAULT'),
('operator06', '$2y$10$92IXUNpkjO0rOQ5byMi.Ye4oKoEa3Ro9llC/.og/at2.uheWG/igi', 'Christopher', 'Anderson', 'DEFAULT'),
('operator07', '$2y$10$92IXUNpkjO0rOQ5byMi.Ye4oKoEa3Ro9llC/.og/at2.uheWG/igi', 'Linda', 'Thomas', 'DEFAULT'),
('operator08', '$2y$10$92IXUNpkjO0rOQ5byMi.Ye4oKoEa3Ro9llC/.og/at2.uheWG/igi', 'Daniel', 'Jackson', 'DEFAULT'),
('operator09', '$2y$10$92IXUNpkjO0rOQ5byMi.Ye4oKoEa3Ro9llC/.og/at2.uheWG/igi', 'Barbara', 'White', 'DEFAULT'),
('operator10', '$2y$10$92IXUNpkjO0rOQ5byMi.Ye4oKoEa3Ro9llC/.og/at2.uheWG/igi', 'Matthew', 'Harris', 'DEFAULT'),
('operator11', '$2y$10$92IXUNpkjO0rOQ5byMi.Ye4oKoEa3Ro9llC/.og/at2.uheWG/igi', 'Susan', 'Martin', 'DEFAULT'),
('operator12', '$2y$10$92IXUNpkjO0rOQ5byMi.Ye4oKoEa3Ro9llC/.og/at2.uheWG/igi', 'Anthony', 'Thompson', 'DEFAULT'),
('operator13', '$2y$10$92IXUNpkjO0rOQ5byMi.Ye4oKoEa3Ro9llC/.og/at2.uheWG/igi', 'Jessica', 'Garcia', 'DEFAULT'),
('operator14', '$2y$10$92IXUNpkjO0rOQ5byMi.Ye4oKoEa3Ro9llC/.og/at2.uheWG/igi', 'Mark', 'Martinez', 'DEFAULT'),
('operator15', '$2y$10$92IXUNpkjO0rOQ5byMi.Ye4oKoEa3Ro9llC/.og/at2.uheWG/igi', 'Nancy', 'Robinson', 'DEFAULT'),
('operator16', '$2y$10$92IXUNpkjO0rOQ5byMi.Ye4oKoEa3Ro9llC/.og/at2.uheWG/igi', 'Steven', 'Clark', 'DEFAULT'),
('operator17', '$2y$10$92IXUNpkjO0rOQ5byMi.Ye4oKoEa3Ro9llC/.og/at2.uheWG/igi', 'Dorothy', 'Rodriguez', 'DEFAULT'),
('operator18', '$2y$10$92IXUNpkjO0rOQ5byMi.Ye4oKoEa3Ro9llC/.og/at2.uheWG/igi', 'Paul', 'Lewis', 'DEFAULT'),
('operator19', '$2y$10$92IXUNpkjO0rOQ5byMi.Ye4oKoEa3Ro9llC/.og/at2.uheWG/igi', 'Helen', 'Lee', 'DEFAULT'),
('operator20', '$2y$10$92IXUNpkjO0rOQ5byMi.Ye4oKoEa3Ro9llC/.og/at2.uheWG/igi', 'Kenneth', 'Walker', 'DEFAULT'),
('operator21', '$2y$10$92IXUNpkjO0rOQ5byMi.Ye4oKoEa3Ro9llC/.og/at2.uheWG/igi', 'Sandra', 'Hall', 'DEFAULT'),
('operator22', '$2y$10$92IXUNpkjO0rOQ5byMi.Ye4oKoEa3Ro9llC/.og/at2.uheWG/igi', 'Joshua', 'Allen', 'DEFAULT'),
('operator23', '$2y$10$92IXUNpkjO0rOQ5byMi.Ye4oKoEa3Ro9llC/.og/at2.uheWG/igi', 'Donna', 'Young', 'DEFAULT'),
('operator24', '$2y$10$92IXUNpkjO0rOQ5byMi.Ye4oKoEa3Ro9llC/.og/at2.uheWG/igi', 'Kevin', 'Hernandez', 'DEFAULT'),
('operator25', '$2y$10$92IXUNpkjO0rOQ5byMi.Ye4oKoEa3Ro9llC/.og/at2.uheWG/igi', 'Carol', 'King', 'DEFAULT');

-- Insert machines (30 rows)
INSERT INTO machines (control_no, description, model, maker, serial_no, invoice_no, last_encoded) VALUES
('MCH-001', 'Wire Processing Machine', 'WPM-5000', 'Komax', 'KMX2023001', 'INV-2023-001', '2024-01-15 08:30:00'),
('MCH-002', 'Automatic Crimping Machine', 'ACM-3000', 'Schleuniger', 'SCH2023002', 'INV-2023-002', '2024-01-15 09:15:00'),
('MCH-003', 'Wire Cutting Machine', 'WCM-2500', 'Komax', 'KMX2023003', 'INV-2023-003', '2024-01-15 10:00:00'),
('MCH-004', 'Terminal Insertion Machine', 'TIM-4000', 'TE Connectivity', 'TEC2023004', 'INV-2023-004', '2024-01-15 11:30:00'),
('MCH-005', 'Multi-Wire Processing', 'MWP-6000', 'Schleuniger', 'SCH2023005', 'INV-2023-005', '2024-01-15 13:00:00'),
('MCH-006', 'Precision Crimper', 'PC-1500', 'Molex', 'MLX2023006', 'INV-2023-006', '2024-01-15 14:15:00'),
('MCH-007', 'Wire Stripping Machine', 'WSM-2000', 'Komax', 'KMX2023007', 'INV-2023-007', '2024-01-15 15:45:00'),
('MCH-008', 'Automated Assembly Line', 'AAL-8000', 'TE Connectivity', 'TEC2023008', 'INV-2023-008', '2024-01-16 08:00:00'),
('MCH-009', 'Heavy Duty Crimper', 'HDC-3500', 'Schleuniger', 'SCH2023009', 'INV-2023-009', '2024-01-16 09:30:00'),
('MCH-010', 'Compact Wire Processor', 'CWP-1200', 'Molex', 'MLX2023010', 'INV-2023-010', '2024-01-16 11:00:00'),
('MCH-011', 'Industrial Crimping Unit', 'ICU-4500', 'Komax', 'KMX2023011', 'INV-2023-011', '2024-01-16 12:30:00'),
('MCH-012', 'Wire Preparation Station', 'WPS-2800', 'TE Connectivity', 'TEC2023012', 'INV-2023-012', '2024-01-16 14:00:00'),
('MCH-013', 'High Speed Processor', 'HSP-7000', 'Schleuniger', 'SCH2023013', 'INV-2023-013', '2024-01-16 15:30:00'),
('MCH-014', 'Precision Assembly Machine', 'PAM-3200', 'Molex', 'MLX2023014', 'INV-2023-014', '2024-01-17 08:15:00'),
('MCH-015', 'Wire Termination Unit', 'WTU-2600', 'Komax', 'KMX2023015', 'INV-2023-015', '2024-01-17 09:45:00'),
('MCH-016', 'Automated Crimper Pro', 'ACP-5500', 'TE Connectivity', 'TEC2023016', 'INV-2023-016', '2024-01-17 11:15:00'),
('MCH-017', 'Multi-Terminal Processor', 'MTP-4200', 'Schleuniger', 'SCH2023017', 'INV-2023-017', '2024-01-17 12:45:00'),
('MCH-018', 'Compact Assembly Line', 'CAL-3800', 'Molex', 'MLX2023018', 'INV-2023-018', '2024-01-17 14:15:00'),
('MCH-019', 'Wire Processing Center', 'WPC-6500', 'Komax', 'KMX2023019', 'INV-2023-019', '2024-01-17 15:45:00'),
('MCH-020', 'Advanced Crimping System', 'ACS-4800', 'TE Connectivity', 'TEC2023020', 'INV-2023-020', '2024-01-18 08:30:00'),
('MCH-021', 'Production Line Unit', 'PLU-5200', 'Schleuniger', 'SCH2023021', 'INV-2023-021', '2024-01-18 10:00:00'),
('MCH-022', 'Precision Wire Machine', 'PWM-2900', 'Molex', 'MLX2023022', 'INV-2023-022', '2024-01-18 11:30:00'),
('MCH-023', 'Heavy Duty Processor', 'HDP-7500', 'Komax', 'KMX2023023', 'INV-2023-023', '2024-01-18 13:00:00'),
('MCH-024', 'Terminal Crimping Station', 'TCS-3600', 'TE Connectivity', 'TEC2023024', 'INV-2023-024', '2024-01-18 14:30:00'),
('MCH-025', 'Wire Assembly Machine', 'WAM-4100', 'Schleuniger', 'SCH2023025', 'INV-2023-025', '2024-01-18 16:00:00'),
('MCH-026', 'Automated Wire Processor', 'AWP-5800', 'Molex', 'MLX2023026', 'INV-2023-026', '2024-01-19 08:45:00'),
('MCH-027', 'Multi-Function Crimper', 'MFC-3400', 'Komax', 'KMX2023027', 'INV-2023-027', '2024-01-19 10:15:00'),
('MCH-028', 'Production Crimping Unit', 'PCU-4700', 'TE Connectivity', 'TEC2023028', 'INV-2023-028', '2024-01-19 11:45:00'),
('MCH-029', 'Wire Processing Station', 'WPS-5100', 'Schleuniger', 'SCH2023029', 'INV-2023-029', '2024-01-19 13:15:00'),
('MCH-030', 'Advanced Assembly Unit', 'AAU-6200', 'Molex', 'MLX2023030', 'INV-2023-030', '2024-01-19 14:45:00');

-- Insert applicators (35 rows)
INSERT INTO applicators (hp_no, terminal_no, description, wire, terminal_maker, applicator_maker, serial_no, invoice_no, last_encoded) VALUES
('HP-001', 'T-1001', 'SIDE', 'BIG', 'TE Connectivity', 'Komax', 'APP2023001', 'INV-A-001', '2024-01-15 08:00:00'),
('HP-002', 'T-1002', 'END', 'SMALL', 'Molex', 'Schleuniger', 'APP2023002', 'INV-A-002', '2024-01-15 08:30:00'),
('HP-003', 'T-1003', 'CLAMP', 'BIG', 'JST', 'TE Connectivity', 'APP2023003', 'INV-A-003', '2024-01-15 09:00:00'),
('HP-004', 'T-1004', 'STRIP AND CLAMP', 'SMALL', 'Amphenol', 'Molex', 'APP2023004', 'INV-A-004', '2024-01-15 09:30:00'),
('HP-005', 'T-1005', 'SIDE', 'BIG', 'TE Connectivity', 'Komax', 'APP2023005', 'INV-A-005', '2024-01-15 10:00:00'),
('HP-006', 'T-1006', 'END', 'SMALL', 'Molex', 'Schleuniger', 'APP2023006', 'INV-A-006', '2024-01-15 10:30:00'),
('HP-007', 'T-1007', 'CLAMP', 'BIG', 'JST', 'TE Connectivity', 'APP2023007', 'INV-A-007', '2024-01-15 11:00:00'),
('HP-008', 'T-1008', 'STRIP AND CLAMP', 'SMALL', 'Amphenol', 'Molex', 'APP2023008', 'INV-A-008', '2024-01-15 11:30:00'),
('HP-009', 'T-1009', 'SIDE', 'BIG', 'TE Connectivity', 'Komax', 'APP2023009', 'INV-A-009', '2024-01-15 12:00:00'),
('HP-010', 'T-1010', 'END', 'SMALL', 'Molex', 'Schleuniger', 'APP2023010', 'INV-A-010', '2024-01-15 12:30:00'),
('HP-011', 'T-1011', 'CLAMP', 'BIG', 'JST', 'TE Connectivity', 'APP2023011', 'INV-A-011', '2024-01-15 13:00:00'),
('HP-012', 'T-1012', 'STRIP AND CLAMP', 'SMALL', 'Amphenol', 'Molex', 'APP2023012', 'INV-A-012', '2024-01-15 13:30:00'),
('HP-013', 'T-1013', 'SIDE', 'BIG', 'TE Connectivity', 'Komax', 'APP2023013', 'INV-A-013', '2024-01-15 14:00:00'),
('HP-014', 'T-1014', 'END', 'SMALL', 'Molex', 'Schleuniger', 'APP2023014', 'INV-A-014', '2024-01-15 14:30:00'),
('HP-015', 'T-1015', 'CLAMP', 'BIG', 'JST', 'TE Connectivity', 'APP2023015', 'INV-A-015', '2024-01-15 15:00:00'),
('HP-016', 'T-1016', 'STRIP AND CLAMP', 'SMALL', 'Amphenol', 'Molex', 'APP2023016', 'INV-A-016', '2024-01-15 15:30:00'),
('HP-017', 'T-1017', 'SIDE', 'BIG', 'TE Connectivity', 'Komax', 'APP2023017', 'INV-A-017', '2024-01-15 16:00:00'),
('HP-018', 'T-1018', 'END', 'SMALL', 'Molex', 'Schleuniger', 'APP2023018', 'INV-A-018', '2024-01-16 08:00:00'),
('HP-019', 'T-1019', 'CLAMP', 'BIG', 'JST', 'TE Connectivity', 'APP2023019', 'INV-A-019', '2024-01-16 08:30:00'),
('HP-020', 'T-1020', 'STRIP AND CLAMP', 'SMALL', 'Amphenol', 'Molex', 'APP2023020', 'INV-A-020', '2024-01-16 09:00:00'),
('HP-021', 'T-1021', 'SIDE', 'BIG', 'TE Connectivity', 'Komax', 'APP2023021', 'INV-A-021', '2024-01-16 09:30:00'),
('HP-022', 'T-1022', 'END', 'SMALL', 'Molex', 'Schleuniger', 'APP2023022', 'INV-A-022', '2024-01-16 10:00:00'),
('HP-023', 'T-1023', 'CLAMP', 'BIG', 'JST', 'TE Connectivity', 'APP2023023', 'INV-A-023', '2024-01-16 10:30:00'),
('HP-024', 'T-1024', 'STRIP AND CLAMP', 'SMALL', 'Amphenol', 'Molex', 'APP2023024', 'INV-A-024', '2024-01-16 11:00:00'),
('HP-025', 'T-1025', 'SIDE', 'BIG', 'TE Connectivity', 'Komax', 'APP2023025', 'INV-A-025', '2024-01-16 11:30:00'),
('HP-026', 'T-1026', 'END', 'SMALL', 'Molex', 'Schleuniger', 'APP2023026', 'INV-A-026', '2024-01-16 12:00:00'),
('HP-027', 'T-1027', 'CLAMP', 'BIG', 'JST', 'TE Connectivity', 'APP2023027', 'INV-A-027', '2024-01-16 12:30:00'),
('HP-028', 'T-1028', 'STRIP AND CLAMP', 'SMALL', 'Amphenol', 'Molex', 'APP2023028', 'INV-A-028', '2024-01-16 13:00:00'),
('HP-029', 'T-1029', 'SIDE', 'BIG', 'TE Connectivity', 'Komax', 'APP2023029', 'INV-A-029', '2024-01-16 13:30:00'),
('HP-030', 'T-1030', 'END', 'SMALL', 'Molex', 'Schleuniger', 'APP2023030', 'INV-A-030', '2024-01-16 14:00:00'),
('HP-031', 'T-1031', 'CLAMP', 'BIG', 'JST', 'TE Connectivity', 'APP2023031', 'INV-A-031', '2024-01-16 14:30:00'),
('HP-032', 'T-1032', 'STRIP AND CLAMP', 'SMALL', 'Amphenol', 'Molex', 'APP2023032', 'INV-A-032', '2024-01-16 15:00:00'),
('HP-033', 'T-1033', 'SIDE', 'BIG', 'TE Connectivity', 'Komax', 'APP2023033', 'INV-A-033', '2024-01-16 15:30:00'),
('HP-034', 'T-1034', 'END', 'SMALL', 'Molex', 'Schleuniger', 'APP2023034', 'INV-A-034', '2024-01-16 16:00:00'),
('HP-035', 'T-1035', 'CLAMP', 'BIG', 'JST', 'TE Connectivity', 'APP2023035', 'INV-A-035', '2024-01-17 08:00:00');

-- Insert custom part definitions (25 rows)
INSERT INTO custom_part_definitions (equipment_type, part_code, part_name, created_by) VALUES
('MACHINE', 'MCH_GUIDE_01', 'Wire Guide Assembly', 1),
('MACHINE', 'MCH_SENSOR_01', 'Position Sensor', 1),
('MACHINE', 'MCH_SPRING_01', 'Tension Spring', 1),
('MACHINE', 'MCH_GASKET_01', 'Seal Gasket', 1),
('MACHINE', 'MCH_BEARING_01', 'Ball Bearing', 1),
('APPLICATOR', 'APP_SPRING_01', 'Compression Spring', 1),
('APPLICATOR', 'APP_PIN_01', 'Alignment Pin', 1),
('APPLICATOR', 'APP_PAD_01', 'Contact Pad', 1),
('APPLICATOR', 'APP_SEAL_01', 'O-Ring Seal', 1),
('APPLICATOR', 'APP_BUSHING_01', 'Guide Bushing', 1),
('MACHINE', 'MCH_FILTER_01', 'Air Filter', 1),
('MACHINE', 'MCH_VALVE_01', 'Pressure Valve', 1),
('MACHINE', 'MCH_BELT_01', 'Drive Belt', 1),
('MACHINE', 'MCH_ROLLER_01', 'Feed Roller', 1),
('MACHINE', 'MCH_SWITCH_01', 'Limit Switch', 1),
('APPLICATOR', 'APP_LEVER_01', 'Actuator Lever', 1),
('APPLICATOR', 'APP_WASHER_01', 'Thrust Washer', 1),
('APPLICATOR', 'APP_SCREW_01', 'Adjustment Screw', 1),
('APPLICATOR', 'APP_PLATE_01', 'Backing Plate', 1),
('APPLICATOR', 'APP_TUBE_01', 'Guide Tube', 1),
('MACHINE', 'MCH_MOTOR_01', 'Stepper Motor', 1),
('MACHINE', 'MCH_GEAR_01', 'Reduction Gear', 1),
('MACHINE', 'MCH_CLAMP_01', 'Wire Clamp', 1),
('APPLICATOR', 'APP_KNIFE_01', 'Cutting Knife', 1),
('APPLICATOR', 'APP_GUARD_01', 'Safety Guard', 1);

-- Insert records (40 rows)
INSERT INTO records (shift, machine_id, applicator1_id, applicator2_id, created_by, date_inspected) VALUES
('1st', 1, 1, 2, 6, '2024-01-15'),
('1st', 2, 3, 4, 7, '2024-01-15'),
('1st', 3, 5, 6, 8, '2024-01-15'),
('1st', 4, 7, 8, 9, '2024-01-15'),
('1st', 5, 9, 10, 10, '2024-01-15'),
('2nd', 6, 11, 12, 11, '2024-01-15'),
('2nd', 7, 13, 14, 12, '2024-01-15'),
('2nd', 8, 15, 16, 13, '2024-01-15'),
('2nd', 9, 17, 18, 14, '2024-01-15'),
('2nd', 10, 19, 20, 15, '2024-01-15'),
('NIGHT', 11, 21, 22, 16, '2024-01-15'),
('NIGHT', 12, 23, 24, 17, '2024-01-15'),
('NIGHT', 13, 25, 26, 18, '2024-01-15'),
('NIGHT', 14, 27, 28, 19, '2024-01-15'),
('NIGHT', 15, 29, 30, 20, '2024-01-15'),
('1st', 16, 31, 32, 21, '2024-01-16'),
('1st', 17, 33, 34, 22, '2024-01-16'),
('1st', 18, 35, 1, 23, '2024-01-16'),
('1st', 19, 2, 3, 24, '2024-01-16'),
('1st', 20, 4, 5, 25, '2024-01-16'),
('2nd', 21, 6, 7, 26, '2024-01-16'),
('2nd', 22, 8, 9, 27, '2024-01-16'),
('2nd', 23, 10, 11, 28, '2024-01-16'),
('2nd', 24, 12, 13, 29, '2024-01-16'),
('2nd', 25, 14, 15, 30, '2024-01-16'),
('NIGHT', 26, 16, 17, 6, '2024-01-16'),
('NIGHT', 27, 18, 19, 7, '2024-01-16'),
('NIGHT', 28, 20, 21, 8, '2024-01-16'),
('NIGHT', 29, 22, 23, 9, '2024-01-16'),
('NIGHT', 30, 24, 25, 10, '2024-01-16'),
('1st', 1, 26, 27, 11, '2024-01-17'),
('1st', 2, 28, 29, 12, '2024-01-17'),
('1st', 3, 30, 31, 13, '2024-01-17'),
('1st', 4, 32, 33, 14, '2024-01-17'),
('1st', 5, 34, 35, 15, '2024-01-17'),
('2nd', 6, 1, NULL, 16, '2024-01-17'),
('2nd', 7, 2, NULL, 17, '2024-01-17'),
('2nd', 8, 3, NULL, 18, '2024-01-17'),
('NIGHT', 9, 4, NULL, 19, '2024-01-17'),
('NIGHT', 10, 5, NULL, 20, '2024-01-17');

-- Insert machine outputs (40 rows)
INSERT INTO machine_outputs (record_id, machine_id, total_machine_output, cut_blade, strip_blade_a, strip_blade_b, custom_parts) VALUES
(1, 1, 1250, 875, 750, 625, '{"MCH_GUIDE_01": 45, "MCH_SENSOR_01": 12}'),
(2, 2, 1100, 820, 690, 580, '{"MCH_SPRING_01": 38, "MCH_GASKET_01": 15}'),
(3, 3, 1350, 945, 815, 720, '{"MCH_BEARING_01": 28, "MCH_FILTER_01": 8}'),
(4, 4, 980, 715, 625, 510, '{"MCH_VALVE_01": 22, "MCH_BELT_01": 35}'),
(5, 5, 1420, 1025, 890, 775, '{"MCH_ROLLER_01": 18, "MCH_SWITCH_01": 42}'),
(6, 6, 1180, 850, 720, 640, '{"MCH_MOTOR_01": 31, "MCH_GEAR_01": 25}'),
(7, 7, 1325, 920, 810, 685, '{"MCH_CLAMP_01": 55, "MCH_GUIDE_01": 12}'),
(8, 8, 1075, 795, 665, 590, '{"MCH_SENSOR_01": 19, "MCH_SPRING_01": 33}'),
(9, 9, 1290, 895, 785, 670, '{"MCH_GASKET_01": 41, "MCH_BEARING_01": 16}'),
(10, 10, 1450, 1050, 915, 820, '{"MCH_FILTER_01": 27, "MCH_VALVE_01": 38}'),
(11, 11, 1225, 880, 760, 645, '{"MCH_BELT_01": 48, "MCH_ROLLER_01": 21}'),
(12, 12, 1385, 975, 845, 735, '{"MCH_SWITCH_01": 35, "MCH_MOTOR_01": 14}'),
(13, 13, 1155, 825, 705, 615, '{"MCH_GEAR_01": 29, "MCH_CLAMP_01": 46}'),
(14, 14, 1320, 940, 800, 695, '{"MCH_GUIDE_01": 52, "MCH_SENSOR_01": 18}'),
(15, 15, 1095, 785, 675, 565, '{"MCH_SPRING_01": 24, "MCH_GASKET_01": 37}'),
(16, 16, 1275, 915, 775, 680, '{"MCH_BEARING_01": 43, "MCH_FILTER_01": 11}'),
(17, 17, 1415, 1005, 885, 765, '{"MCH_VALVE_01": 36, "MCH_BELT_01": 28}'),
(18, 18, 1125, 805, 695, 605, '{"MCH_ROLLER_01": 49, "MCH_SWITCH_01": 15}'),
(19, 19, 1365, 955, 835, 715, '{"MCH_MOTOR_01": 32, "MCH_GEAR_01": 41}'),
(20, 20, 1185, 845, 735, 625, '{"MCH_CLAMP_01": 26, "MCH_GUIDE_01": 39}'),
(21, 21, 1305, 925, 795, 690, '{"MCH_SENSOR_01": 44, "MCH_SPRING_01": 17}'),
(22, 22, 1145, 815, 715, 585, '{"MCH_GASKET_01": 33, "MCH_BEARING_01": 47}'),
(23, 23, 1395, 985, 865, 745, '{"MCH_FILTER_01": 23, "MCH_VALVE_01": 34}'),
(24, 24, 1235, 890, 770, 655, '{"MCH_BELT_01": 51, "MCH_ROLLER_01": 13}'),
(25, 25, 1175, 835, 725, 635, '{"MCH_SWITCH_01": 28, "MCH_MOTOR_01": 45}'),
(26, 26, 1345, 965, 825, 705, '{"MCH_GEAR_01": 37, "MCH_CLAMP_01": 19}'),
(27, 27, 1285, 905, 785, 675, '{"MCH_GUIDE_01": 42, "MCH_SENSOR_01": 31}'),
(28, 28, 1195, 855, 745, 615, '{"MCH_SPRING_01": 48, "MCH_GASKET_01": 22}'),
(29, 29, 1425, 1015, 895, 785, '{"MCH_BEARING_01": 35, "MCH_FILTER_01": 26}'),
(30, 30, 1135, 825, 705, 595, '{"MCH_VALVE_01": 53, "MCH_BELT_01": 16}'),
(31, 1, 1265, 895, 765, 665, '{"MCH_ROLLER_01": 29, "MCH_SWITCH_01": 41}'),
(32, 2, 1355, 945, 825, 725, '{"MCH_MOTOR_01": 46, "MCH_GEAR_01": 20}'),
(33, 3, 1115, 805, 685, 575, '{"MCH_CLAMP_01": 34, "MCH_GUIDE_01": 48}'),
(34, 4, 1375, 975, 855, 735, '{"MCH_SENSOR_01": 27, "MCH_SPRING_01": 39}'),
(35, 5, 1205, 865, 755, 625, '{"MCH_GASKET_01": 51, "MCH_BEARING_01": 14}'),
(36, 6, 1325, 935, 815, 695, '{"MCH_FILTER_01": 38, "MCH_VALVE_01": 30}'),
(37, 7, 1165, 845, 715, 605, '{"MCH_BELT_01": 43, "MCH_ROLLER_01": 25}'),
(38, 8, 1385, 965, 845, 755, '{"MCH_SWITCH_01": 32, "MCH_MOTOR_01": 47}'),
(39, 9, 1245, 885, 775, 645, '{"MCH_GEAR_01": 49, "MCH_CLAMP_01": 18}'),
(40, 10, 1295, 915, 805, 685, '{"MCH_GUIDE_01": 36, "MCH_SENSOR_01": 44}');

-- Insert applicator outputs (80 rows - 2 per record for applicator1 and applicator2)
INSERT INTO applicator_outputs (record_id, applicator_id, total_output, wire_crimper, wire_anvil, insulation_crimper, insulation_anvil, slide_cutter, cutter_holder, shear_blade, cutter_a, cutter_b, custom_parts) VALUES
-- Record 1 applicators
(1, 1, 625, 485, 420, 385, 340, 295, 250, 215, 180, 145, '{"APP_SPRING_01": 15, "APP_PIN_01": 8}'),
(1, 2, 580, 445, 395, 350, 315, 280, 235, 200, 165, 130, '{"APP_PAD_01": 12, "APP_SEAL_01": 6}'),
-- Record 2 applicators
(2, 3, 550, 425, 375, 340, 305, 270, 225, 190, 155, 120, '{"APP_BUSHING_01": 10, "APP_LEVER_01": 18}'),
(2, 4, 645, 505, 445, 410, 375, 340, 285, 250, 215, 180, '{"APP_WASHER_01": 14, "APP_SCREW_01": 9}'),
-- Record 3 applicators
(3, 5, 675, 525, 465, 430, 395, 360, 305, 270, 235, 200, '{"APP_PLATE_01": 16, "APP_TUBE_01": 11}'),
(3, 6, 520, 405, 355, 320, 285, 250, 215, 180, 145, 110, '{"APP_KNIFE_01": 7, "APP_GUARD_01": 22}'),
-- Record 4 applicators
(4, 7, 490, 385, 335, 300, 265, 230, 195, 160, 125, 90, '{"APP_SPRING_01": 19, "APP_PIN_01": 13}'),
(4, 8, 605, 475, 415, 380, 345, 310, 265, 230, 195, 160, '{"APP_PAD_01": 21, "APP_SEAL_01": 15}'),
-- Record 5 applicators
(5, 9, 710, 555, 495, 460, 425, 390, 335, 300, 265, 230, '{"APP_BUSHING_01": 24, "APP_LEVER_01": 17}'),
(5, 10, 485, 375, 325, 290, 255, 220, 185, 150, 115, 80, '{"APP_WASHER_01": 12, "APP_SCREW_01": 28}'),
-- Record 6 applicators
(6, 11, 590, 465, 405, 370, 335, 300, 255, 220, 185, 150, '{"APP_PLATE_01": 26, "APP_TUBE_01": 19}'),
(6, 12, 635, 495, 435, 400, 365, 330, 285, 250, 215, 180, '{"APP_KNIFE_01": 31, "APP_GUARD_01": 14}'),
-- Record 7 applicators
(7, 13, 555, 435, 385, 350, 315, 280, 235, 200, 165, 130, '{"APP_SPRING_01": 18, "APP_PIN_01": 25}'),
(7, 14, 680, 535, 475, 440, 405, 370, 315, 280, 245, 210, '{"APP_PAD_01": 33, "APP_SEAL_01": 20}'),
-- Record 8 applicators
(8, 15, 510, 395, 345, 310, 275, 240, 205, 170, 135, 100, '{"APP_BUSHING_01": 16, "APP_LEVER_01": 29}'),
(8, 16, 625, 485, 425, 390, 355, 320, 275, 240, 205, 170, '{"APP_WASHER_01": 35, "APP_SCREW_01": 22}'),
-- Record 9 applicators
(9, 17, 645, 505, 445, 410, 375, 340, 295, 260, 225, 190, '{"APP_PLATE_01": 27, "APP_TUBE_01": 38}'),
(9, 18, 475, 365, 315, 280, 245, 210, 175, 140, 105, 70, '{"APP_KNIFE_01": 41, "APP_GUARD_01": 23}'),
-- Record 10 applicators
(10, 19, 725, 565, 505, 470, 435, 400, 345, 310, 275, 240, '{"APP_SPRING_01": 44, "APP_PIN_01": 26}'),
(10, 20, 495, 385, 335, 300, 265, 230, 195, 160, 125, 90, '{"APP_PAD_01": 30, "APP_SEAL_01": 47}'),
-- Record 11 applicators
(11, 21, 615, 475, 415, 380, 345, 310, 265, 230, 195, 160, '{"APP_BUSHING_01": 52, "APP_LEVER_01": 28}'),
(11, 22, 570, 445, 395, 360, 325, 290, 245, 210, 175, 140, '{"APP_WASHER_01": 34, "APP_SCREW_01": 55}'),
-- Record 12 applicators
(12, 23, 695, 545, 485, 450, 415, 380, 325, 290, 255, 220, '{"APP_PLATE_01": 58, "APP_TUBE_01": 31}'),
(12, 24, 525, 405, 355, 320, 285, 250, 215, 180, 145, 110, '{"APP_KNIFE_01": 37, "APP_GUARD_01": 61}'),
-- Record 13 applicators
(13, 25, 585, 455, 405, 370, 335, 300, 255, 220, 185, 150, '{"APP_SPRING_01": 64, "APP_PIN_01": 39}'),
(13, 26, 660, 515, 455, 420, 385, 350, 305, 270, 235, 200, '{"APP_PAD_01": 42, "APP_SEAL_01": 67}'),
-- Record 14 applicators
(14, 27, 540, 415, 365, 330, 295, 260, 225, 190, 155, 120, '{"APP_BUSHING_01": 70, "APP_LEVER_01": 45}'),
(14, 28, 705, 555, 495, 460, 425, 390, 335, 300, 265, 230, '{"APP_WASHER_01": 48, "APP_SCREW_01": 73}'),
-- Record 15 applicators
(15, 29, 475, 365, 315, 280, 245, 210, 175, 140, 105, 70, '{"APP_PLATE_01": 76, "APP_TUBE_01": 51}'),
(15, 30, 650, 505, 445, 410, 375, 340, 295, 260, 225, 190, '{"APP_KNIFE_01": 54, "APP_GUARD_01": 79}'),
-- Record 16 applicators
(16, 31, 620, 485, 425, 390, 355, 320, 275, 240, 205, 170, '{"APP_SPRING_01": 82, "APP_PIN_01": 57}'),
(16, 32, 595, 465, 405, 370, 335, 300, 255, 220, 185, 150, '{"APP_PAD_01": 60, "APP_SEAL_01": 85}'),
-- Record 17 applicators
(17, 33, 675, 525, 465, 430, 395, 360, 305, 270, 235, 200, '{"APP_BUSHING_01": 88, "APP_LEVER_01": 63}'),
(17, 34, 510, 395, 345, 310, 275, 240, 205, 170, 135, 100, '{"APP_WASHER_01": 66, "APP_SCREW_01": 91}'),
-- Record 18 applicators
(18, 35, 735, 575, 515, 480, 445, 410, 355, 320, 285, 250, '{"APP_PLATE_01": 94, "APP_TUBE_01": 69}'),
(18, 1, 485, 375, 325, 290, 255, 220, 185, 150, 115, 80, '{"APP_KNIFE_01": 72, "APP_GUARD_01": 97}'),
-- Record 19 applicators
(19, 2, 605, 475, 415, 380, 345, 310, 265, 230, 195, 160, '{"APP_SPRING_01": 100, "APP_PIN_01": 75}'),
(19, 3, 565, 445, 395, 360, 325, 290, 245, 210, 175, 140, '{"APP_PAD_01": 78, "APP_SEAL_01": 103}'),
-- Record 20 applicators
(20, 4, 715, 565, 505, 470, 435, 400, 345, 310, 275, 240, '{"APP_BUSHING_01": 106, "APP_LEVER_01": 81}'),
(20, 5, 535, 415, 365, 330, 295, 260, 225, 190, 155, 120, '{"APP_WASHER_01": 84, "APP_SCREW_01": 109}'),
-- Record 21 applicators
(21, 6, 625, 485, 425, 390, 355, 320, 275, 240, 205, 170, '{"APP_PLATE_01": 112, "APP_TUBE_01": 87}'),
(21, 7, 580, 445, 395, 360, 325, 290, 245, 210, 175, 140, '{"APP_KNIFE_01": 90, "APP_GUARD_01": 115}'),
-- Record 22 applicators
(22, 8, 695, 545, 485, 450, 415, 380, 325, 290, 255, 220, '{"APP_SPRING_01": 118, "APP_PIN_01": 93}'),
(22, 9, 555, 435, 385, 350, 315, 280, 235, 200, 165, 130, '{"APP_PAD_01": 96, "APP_SEAL_01": 121}'),
-- Record 23 applicators
(23, 10, 745, 585, 525, 490, 455, 420, 365, 330, 295, 260, '{"APP_BUSHING_01": 124, "APP_LEVER_01": 99}'),
(23, 11, 515, 405, 355, 320, 285, 250, 215, 180, 145, 110, '{"APP_WASHER_01": 102, "APP_SCREW_01": 127}'),
-- Record 24 applicators
(24, 12, 635, 495, 435, 400, 365, 330, 285, 250, 215, 180, '{"APP_PLATE_01": 130, "APP_TUBE_01": 105}'),
(24, 13, 590, 465, 405, 370, 335, 300, 255, 220, 185, 150, '{"APP_KNIFE_01": 108, "APP_GUARD_01": 133}'),
-- Record 25 applicators
(25, 14, 665, 525, 465, 430, 395, 360, 305, 270, 235, 200, '{"APP_SPRING_01": 136, "APP_PIN_01": 111}'),
(25, 15, 525, 405, 355, 320, 285, 250, 215, 180, 145, 110, '{"APP_PAD_01": 114, "APP_SEAL_01": 139}'),
-- Record 26 applicators
(26, 16, 685, 535, 475, 440, 405, 370, 315, 280, 245, 210, '{"APP_BUSHING_01": 142, "APP_LEVER_01": 117}'),
(26, 17, 545, 425, 375, 340, 305, 270, 225, 190, 155, 120, '{"APP_WASHER_01": 120, "APP_SCREW_01": 145}'),
-- Record 27 applicators
(27, 18, 715, 565, 505, 470, 435, 400, 345, 310, 275, 240, '{"APP_PLATE_01": 148, "APP_TUBE_01": 123}'),
(27, 19, 475, 365, 315, 280, 245, 210, 175, 140, 105, 70, '{"APP_KNIFE_01": 126, "APP_GUARD_01": 151}'),
-- Record 28 applicators
(28, 20, 655, 515, 455, 420, 385, 350, 305, 270, 235, 200, '{"APP_SPRING_01": 154, "APP_PIN_01": 129}'),
(28, 21, 605, 475, 415, 380, 345, 310, 265, 230, 195, 160, '{"APP_PAD_01": 132, "APP_SEAL_01": 157}'),
-- Record 29 applicators
(29, 22, 725, 575, 515, 480, 445, 410, 355, 320, 285, 250, '{"APP_BUSHING_01": 160, "APP_LEVER_01": 135}'),
(29, 23, 485, 375, 325, 290, 255, 220, 185, 150, 115, 80, '{"APP_WASHER_01": 138, "APP_SCREW_01": 163}'),
-- Record 30 applicators
(30, 24, 565, 445, 395, 360, 325, 290, 245, 210, 175, 140, '{"APP_PLATE_01": 166, "APP_TUBE_01": 141}'),
(30, 25, 685, 535, 475, 440, 405, 370, 315, 280, 245, 210, '{"APP_KNIFE_01": 144, "APP_GUARD_01": 169}'),
-- Record 31 applicators
(31, 26, 635, 495, 435, 400, 365, 330, 285, 250, 215, 180, '{"APP_SPRING_01": 172, "APP_PIN_01": 147}'),
(31, 27, 595, 465, 405, 370, 335, 300, 255, 220, 185, 150, '{"APP_PAD_01": 150, "APP_SEAL_01": 175}'),
-- Record 32 applicators
(32, 28, 745, 585, 525, 490, 455, 420, 365, 330, 295, 260, '{"APP_BUSHING_01": 178, "APP_LEVER_01": 153}'),
(32, 29, 515, 405, 355, 320, 285, 250, 215, 180, 145, 110, '{"APP_WASHER_01": 156, "APP_SCREW_01": 181}'),
-- Record 33 applicators
(33, 30, 575, 445, 395, 360, 325, 290, 245, 210, 175, 140, '{"APP_PLATE_01": 184, "APP_TUBE_01": 159}'),
(33, 31, 705, 555, 495, 460, 425, 390, 335, 300, 265, 230, '{"APP_KNIFE_01": 162, "APP_GUARD_01": 187}'),
-- Record 34 applicators
(34, 32, 525, 405, 355, 320, 285, 250, 215, 180, 145, 110, '{"APP_SPRING_01": 190, "APP_PIN_01": 165}'),
(34, 33, 675, 525, 465, 430, 395, 360, 305, 270, 235, 200, '{"APP_PAD_01": 168, "APP_SEAL_01": 193}'),
-- Record 35 applicators
(35, 34, 645, 505, 445, 410, 375, 340, 295, 260, 225, 190, '{"APP_BUSHING_01": 196, "APP_LEVER_01": 171}'),
(35, 35, 585, 455, 405, 370, 335, 300, 255, 220, 185, 150, '{"APP_WASHER_01": 174, "APP_SCREW_01": 199}'),
-- Record 36 (single applicator)
(36, 1, 665, 515, 455, 420, 385, 350, 305, 270, 235, 200, '{"APP_PLATE_01": 202, "APP_TUBE_01": 177}'),
-- Record 37 (single applicator)
(37, 2, 625, 485, 425, 390, 355, 320, 275, 240, 205, 170, '{"APP_KNIFE_01": 180, "APP_GUARD_01": 205}'),
-- Record 38 (single applicator)
(38, 3, 735, 575, 515, 480, 445, 410, 355, 320, 285, 250, '{"APP_SPRING_01": 208, "APP_PIN_01": 183}'),
-- Record 39 (single applicator)
(39, 4, 555, 435, 385, 350, 315, 280, 235, 200, 165, 130, '{"APP_PAD_01": 186, "APP_SEAL_01": 211}'),
-- Record 40 (single applicator)
(40, 5, 695, 545, 485, 450, 415, 380, 325, 290, 255, 220, '{"APP_BUSHING_01": 214, "APP_LEVER_01": 189}');

-- Insert monitor machine data (30 rows)
INSERT INTO monitor_machine (machine_id, total_machine_output, cut_blade_output, strip_blade_a_output, strip_blade_b_output, custom_parts_output) VALUES
(1, 2515, 1770, 1530, 1290, '{"MCH_GUIDE_01": 81, "MCH_SENSOR_01": 53}'),
(2, 2455, 1765, 1515, 1305, '{"MCH_SPRING_01": 84, "MCH_GASKET_01": 61}'),
(3, 2465, 1750, 1500, 1295, '{"MCH_BEARING_01": 71, "MCH_FILTER_01": 56}'),
(4, 2355, 1690, 1480, 1245, '{"MCH_VALVE_01": 58, "MCH_BELT_01": 74}'),
(5, 2625, 1890, 1645, 1400, '{"MCH_ROLLER_01": 47, "MCH_SWITCH_01": 87}'),
(6, 2505, 1785, 1535, 1335, '{"MCH_MOTOR_01": 77, "MCH_GEAR_01": 63}'),
(7, 2490, 1765, 1525, 1290, '{"MCH_CLAMP_01": 98, "MCH_GUIDE_01": 50}'),
(8, 2460, 1760, 1510, 1345, '{"MCH_SENSOR_01": 67, "MCH_SPRING_01": 92}'),
(9, 2535, 1780, 1560, 1315, '{"MCH_GASKET_01": 90, "MCH_BEARING_01": 65}'),
(10, 2745, 1965, 1720, 1505, '{"MCH_FILTER_01": 75, "MCH_VALVE_01": 101}'),
(11, 1225, 880, 760, 645, '{"MCH_BELT_01": 48, "MCH_ROLLER_01": 21}'),
(12, 1385, 975, 845, 735, '{"MCH_SWITCH_01": 35, "MCH_MOTOR_01": 14}'),
(13, 1155, 825, 705, 615, '{"MCH_GEAR_01": 29, "MCH_CLAMP_01": 46}'),
(14, 1320, 940, 800, 695, '{"MCH_GUIDE_01": 52, "MCH_SENSOR_01": 18}'),
(15, 1095, 785, 675, 565, '{"MCH_SPRING_01": 24, "MCH_GASKET_01": 37}'),
(16, 1275, 915, 775, 680, '{"MCH_BEARING_01": 43, "MCH_FILTER_01": 11}'),
(17, 1415, 1005, 885, 765, '{"MCH_VALVE_01": 36, "MCH_BELT_01": 28}'),
(18, 1125, 805, 695, 605, '{"MCH_ROLLER_01": 49, "MCH_SWITCH_01": 15}'),
(19, 1365, 955, 835, 715, '{"MCH_MOTOR_01": 32, "MCH_GEAR_01": 41}'),
(20, 1185, 845, 735, 625, '{"MCH_CLAMP_01": 26, "MCH_GUIDE_01": 39}'),
(21, 1305, 925, 795, 690, '{"MCH_SENSOR_01": 44, "MCH_SPRING_01": 17}'),
(22, 1145, 815, 715, 585, '{"MCH_GASKET_01": 33, "MCH_BEARING_01": 47}'),
(23, 1395, 985, 865, 745, '{"MCH_FILTER_01": 23, "MCH_VALVE_01": 34}'),
(24, 1235, 890, 770, 655, '{"MCH_BELT_01": 51, "MCH_ROLLER_01": 13}'),
(25, 1175, 835, 725, 635, '{"MCH_SWITCH_01": 28, "MCH_MOTOR_01": 45}'),
(26, 1345, 965, 825, 705, '{"MCH_GEAR_01": 37, "MCH_CLAMP_01": 19}'),
(27, 1285, 905, 785, 675, '{"MCH_GUIDE_01": 42, "MCH_SENSOR_01": 31}'),
(28, 1195, 855, 745, 615, '{"MCH_SPRING_01": 48, "MCH_GASKET_01": 22}'),
(29, 1425, 1015, 895, 785, '{"MCH_BEARING_01": 35, "MCH_FILTER_01": 26}'),
(30, 1135, 825, 705, 595, '{"MCH_VALVE_01": 53, "MCH_BELT_01": 16}');

-- Insert monitor applicator data (35 rows)
INSERT INTO monitor_applicator (applicator_id, total_output, wire_crimper_output, wire_anvil_output, insulation_crimper_output, insulation_anvil_output, slide_cutter_output, cutter_holder_output, shear_blade_output, cutter_a_output, cutter_b_output, custom_parts_output) VALUES
(1, 1290, 1000, 870, 805, 720, 645, 575, 505, 435, 305, '{"APP_SPRING_01": 187, "APP_PIN_01": 130}'),
(2, 1205, 920, 810, 740, 665, 590, 520, 430, 360, 290, '{"APP_PAD_01": 142, "APP_SEAL_01": 175}'),
(3, 1155, 880, 770, 710, 630, 560, 480, 390, 330, 270, '{"APP_BUSHING_01": 166, "APP_LEVER_01": 157}'),
(4, 1360, 1040, 920, 850, 760, 680, 610, 540, 455, 380, '{"APP_WASHER_01": 195, "APP_SCREW_01": 148}'),
(5, 1385, 1070, 940, 870, 780, 700, 625, 560, 485, 420, '{"APP_PLATE_01": 226, "APP_TUBE_01": 181}'),
(6, 1145, 850, 750, 690, 610, 540, 465, 395, 325, 260, '{"APP_KNIFE_01": 162, "APP_GUARD_01": 219}'),
(7, 1115, 830, 730, 660, 585, 515, 440, 370, 305, 240, '{"APP_SPRING_01": 201, "APP_PIN_01": 168}'),
(8, 1300, 1000, 880, 830, 730, 650, 575, 500, 425, 340, '{"APP_PAD_01": 245, "APP_SEAL_01": 187}'),
(9, 1420, 1120, 1000, 920, 815, 735, 660, 585, 510, 460, '{"APP_BUSHING_01": 278, "APP_LEVER_01": 205}'),
(10, 1010, 760, 660, 610, 540, 470, 405, 335, 270, 190, '{"APP_WASHER_01": 214, "APP_SCREW_01": 272}'),
(11, 1205, 940, 820, 750, 680, 610, 545, 450, 375, 310, '{"APP_PLATE_01": 298, "APP_TUBE_01": 228}'),
(12, 1225, 990, 870, 770, 695, 620, 555, 480, 410, 330, '{"APP_KNIFE_01": 241, "APP_GUARD_01": 315}'),
(13, 1210, 890, 820, 735, 650, 580, 490, 420, 350, 280, '{"APP_SPRING_01": 254, "APP_PIN_01": 322}'),
(14, 1345, 1060, 955, 870, 780, 710, 625, 550, 480, 410, '{"APP_PAD_01": 347, "APP_SEAL_01": 267}'),
(15, 1035, 800, 720, 650, 580, 510, 445, 375, 305, 210, '{"APP_BUSHING_01": 286, "APP_LEVER_01": 370}'),
(16, 1310, 1020, 900, 815, 730, 650, 575, 515, 445, 380, '{"APP_WASHER_01": 393, "APP_SCREW_01": 299}'),
(17, 1190, 930, 820, 750, 680, 605, 530, 455, 380, 310, '{"APP_PLATE_01": 316, "APP_TUBE_01": 416}'),
(18, 1190, 940, 830, 760, 685, 610, 545, 470, 395, 310, '{"APP_KNIFE_01": 439, "APP_GUARD_01": 329}'),
(19, 1450, 1140, 1020, 950, 880, 810, 745, 630, 560, 490, '{"APP_SPRING_01": 462, "APP_PIN_01": 355}'),
(20, 1150, 900, 790, 730, 650, 580, 505, 430, 355, 270, '{"APP_PAD_01": 372, "APP_SEAL_01": 485}'),
(21, 1220, 960, 830, 770, 690, 620, 545, 460, 390, 320, '{"APP_BUSHING_01": 508, "APP_LEVER_01": 388}'),
(22, 1295, 1020, 910, 840, 770, 700, 635, 550, 470, 390, '{"APP_WASHER_01": 405, "APP_SCREW_01": 531}'),
(23, 1180, 950, 840, 780, 715, 645, 570, 480, 400, 310, '{"APP_PLATE_01": 554, "APP_TUBE_01": 421}'),
(24, 1090, 850, 750, 690, 620, 550, 465, 390, 320, 220, '{"APP_KNIFE_01": 438, "APP_GUARD_01": 577}'),
(25, 1250, 910, 860, 790, 720, 650, 555, 480, 400, 320, '{"APP_SPRING_01": 600, "APP_PIN_01": 455}'),
(26, 1230, 960, 840, 770, 700, 630, 555, 480, 395, 320, '{"APP_PAD_01": 472, "APP_SEAL_01": 623}'),
(27, 1175, 940, 810, 730, 660, 590, 515, 435, 360, 270, '{"APP_BUSHING_01": 646, "APP_LEVER_01": 489}'),
(28, 1450, 1140, 1020, 950, 880, 810, 715, 630, 565, 490, '{"APP_WASHER_01": 506, "APP_SCREW_01": 669}'),
(29, 1110, 820, 730, 710, 660, 600, 505, 450, 370, 300, '{"APP_PLATE_01": 692, "APP_TUBE_01": 523}'),
(30, 1335, 1060, 940, 860, 790, 710, 635, 560, 485, 410, '{"APP_KNIFE_01": 540, "APP_GUARD_01": 715}'),
(31, 1255, 980, 860, 790, 720, 650, 570, 490, 420, 350, '{"APP_SPRING_01": 738, "APP_PIN_01": 557}'),
(32, 1320, 990, 870, 790, 700, 630, 540, 470, 395, 330, '{"APP_PAD_01": 574, "APP_SEAL_01": 761}'),
(33, 1420, 1080, 930, 860, 790, 710, 635, 570, 505, 430, '{"APP_BUSHING_01": 784, "APP_LEVER_01": 591}'),
(34, 1155, 900, 790, 720, 650, 590, 550, 450, 380, 290, '{"APP_WASHER_01": 608, "APP_SCREW_01": 807}'),
(35, 1320, 1110, 980, 900, 830, 760, 705, 590, 520, 435, '{"APP_PLATE_01": 830, "APP_TUBE_01": 625}');

-- Insert machine reset data (30 rows)
INSERT INTO machine_reset (machine_id, reset_by, part_reset, reset_time, remarks) VALUES
(1, 3, 'cut_blade', '2024-01-20 09:15:00', 'Blade showing signs of wear'),
(2, 3, 'strip_blade_a', '2024-01-20 09:30:00', 'Irregular cutting pattern observed'),
(3, 4, 'MCH_GUIDE_01', '2024-01-20 10:00:00', 'Guide assembly replacement'),
(4, 3, 'strip_blade_b', '2024-01-20 10:15:00', 'Blade dulling after high usage'),
(5, 4, 'cut_blade', '2024-01-20 10:45:00', 'Preventive maintenance'),
(6, 3, 'MCH_SENSOR_01', '2024-01-20 11:00:00', 'Sensor calibration issues'),
(7, 4, 'strip_blade_a', '2024-01-20 11:30:00', 'Edge wear detected'),
(8, 3, 'MCH_SPRING_01', '2024-01-20 12:00:00', 'Spring tension adjustment needed'),
(9, 4, 'cut_blade', '2024-01-20 13:15:00', 'Blade replacement due to chipping'),
(10, 3, 'strip_blade_b', '2024-01-20 13:45:00', 'Performance degradation'),
(11, 4, 'MCH_BEARING_01', '2024-01-20 14:00:00', 'Bearing noise detected'),
(12, 3, 'cut_blade', '2024-01-20 14:30:00', 'Scheduled replacement'),
(13, 4, 'MCH_FILTER_01', '2024-01-20 15:00:00', 'Filter clogging'),
(14, 3, 'strip_blade_a', '2024-01-20 15:30:00', 'Blade edge damage'),
(15, 4, 'MCH_VALVE_01', '2024-01-21 08:00:00', 'Pressure regulation issues'),
(16, 3, 'cut_blade', '2024-01-21 08:30:00', 'Routine maintenance'),
(17, 4, 'strip_blade_b', '2024-01-21 09:15:00', 'Quality control replacement'),
(18, 3, 'MCH_BELT_01', '2024-01-21 09:45:00', 'Belt stretching observed'),
(19, 4, 'cut_blade', '2024-01-21 10:30:00', 'Blade wear limit reached'),
(20, 3, 'MCH_ROLLER_01', '2024-01-21 11:00:00', 'Surface wear on roller'),
(21, 4, 'strip_blade_a', '2024-01-21 11:45:00', 'Edge geometry issues'),
(22, 3, 'MCH_SWITCH_01', '2024-01-21 12:15:00', 'Switch contact problems'),
(23, 4, 'cut_blade', '2024-01-21 13:00:00', 'Preventive replacement'),
(24, 3, 'MCH_MOTOR_01', '2024-01-21 13:30:00', 'Motor performance decline'),
(25, 4, 'strip_blade_b', '2024-01-21 14:15:00', 'Blade sharpness degraded'),
(26, 3, 'MCH_GEAR_01', '2024-01-21 14:45:00', 'Gear backlash adjustment'),
(27, 4, 'cut_blade', '2024-01-21 15:30:00', 'High usage replacement'),
(28, 3, 'MCH_CLAMP_01', '2024-01-21 16:00:00', 'Clamp pressure issues'),
(29, 4, 'strip_blade_a', '2024-01-22 08:15:00', 'Edge condition poor'),
(30, 3, 'cut_blade', '2024-01-22 08:45:00', 'Scheduled maintenance');

-- Insert applicator reset data (35 rows)
INSERT INTO applicator_reset (applicator_id, reset_by, part_reset, reset_time, remarks) VALUES
(1, 3, 'wire_crimper', '2024-01-20 09:00:00', 'Crimper wear detected'),
(2, 4, 'wire_anvil', '2024-01-20 09:20:00', 'Anvil surface damage'),
(3, 3, 'insulation_crimper', '2024-01-20 09:40:00', 'Poor crimp quality'),
(4, 4, 'APP_SPRING_01', '2024-01-20 10:10:00', 'Spring tension loss'),
(5, 3, 'slide_cutter', '2024-01-20 10:30:00', 'Cutter blade dull'),
(6, 4, 'wire_crimper', '2024-01-20 10:50:00', 'Excessive wear patterns'),
(7, 3, 'APP_PIN_01', '2024-01-20 11:10:00', 'Pin alignment issues'),
(8, 4, 'insulation_anvil', '2024-01-20 11:35:00', 'Anvil deformation'),
(9, 3, 'cutter_holder', '2024-01-20 12:00:00', 'Holder looseness'),
(10, 4, 'wire_anvil', '2024-01-20 12:25:00', 'Surface roughness'),
(11, 3, 'APP_PAD_01', '2024-01-20 12:50:00', 'Contact pad wear'),
(12, 4, 'shear_blade', '2024-01-20 13:10:00', 'Blade chipping'),
(13, 3, 'wire_crimper', '2024-01-20 13:35:00', 'Crimping force degraded'),
(14, 4, 'APP_SEAL_01', '2024-01-20 14:00:00', 'Seal integrity compromised'),
(15, 3, 'cutter_a', '2024-01-20 14:25:00', 'Cutter edge wear'),
(16, 4, 'insulation_crimper', '2024-01-20 14:50:00', 'Crimp dimension issues'),
(17, 3, 'APP_BUSHING_01', '2024-01-20 15:15:00', 'Bushing wear excessive'),
(18, 4, 'cutter_b', '2024-01-20 15:40:00', 'Cutting performance poor'),
(19, 3, 'wire_anvil', '2024-01-21 08:05:00', 'Anvil marking detected'),
(20, 4, 'APP_LEVER_01', '2024-01-21 08:30:00', 'Lever mechanism stiff'),
(21, 3, 'slide_cutter', '2024-01-21 08:55:00', 'Cutter replacement needed'),
(22, 4, 'wire_crimper', '2024-01-21 09:20:00', 'Routine replacement'),
(23, 3, 'APP_WASHER_01', '2024-01-21 09:45:00', 'Washer wear limit'),
(24, 4, 'insulation_anvil', '2024-01-21 10:10:00', 'Anvil surface scoring'),
(25, 3, 'cutter_holder', '2024-01-21 10:35:00', 'Holder alignment off'),
(26, 4, 'APP_SCREW_01', '2024-01-21 11:00:00', 'Adjustment screw stripped'),
(27, 3, 'shear_blade', '2024-01-21 11:25:00', 'Blade geometry compromised'),
(28, 4, 'wire_crimper', '2024-01-21 11:50:00', 'High cycle count replacement'),
(29, 3, 'APP_PLATE_01', '2024-01-21 12:15:00', 'Backing plate cracked'),
(30, 4, 'cutter_a', '2024-01-21 12:40:00', 'Cutter sharpness poor'),
(31, 3, 'insulation_crimper', '2024-01-21 13:05:00', 'Crimper jaw wear'),
(32, 4, 'APP_TUBE_01', '2024-01-21 13:30:00', 'Guide tube damage'),
(33, 3, 'wire_anvil', '2024-01-21 13:55:00', 'Anvil replacement due'),
(34, 4, 'APP_KNIFE_01', '2024-01-21 14:20:00', 'Cutting knife dull'),
(35, 3, 'cutter_b', '2024-01-21 14:45:00', 'Final cutter maintenance');